,GP,GS,MIN,FGM,FGA,FG%,3PTM,3PTA,3P%,FTM,FTA,FT%,OR,DR,REB,AST,BLK,STL,PF,TO,PTS
Jaylen Brown,286.0,179.0,26.5,5.0,10.6,47.4,1.4,3.8,37.3,2.0,2.9,67.8,0.9,3.6,4.5,1.5,0.4,0.9,2.4,1.5,13.5
Carsen Edwards,40.0,0.0,9.3,1.2,3.5,33.1,0.6,2.0,31.6,0.3,0.5,68.4,0.2,1.1,1.3,0.7,0.1,0.3,0.9,0.4,3.3
Tacko Fall,8.0,0.0,4.9,1.4,1.9,73.3,0.0,0.0,0.0,0.4,0.6,60.0,0.3,1.8,2.0,0.1,0.8,0.1,0.9,0.4,3.1
Javonte Green,50.0,2.0,9.9,1.3,2.7,50.0,0.2,0.7,27.8,0.6,0.8,66.7,0.5,1.4,2.0,0.5,0.2,0.5,0.9,0.5,3.4
Romeo Langford,32.0,2.0,11.6,0.9,2.5,35.0,0.2,0.8,18.5,0.6,0.8,72.0,0.5,0.8,1.3,0.4,0.3,0.3,1.0,0.3,2.5
Aaron Nesmith,2.0,0.0,14.5,1.5,4.5,33.3,1.0,3.5,28.6,0.0,0.0,0.0,0.5,1.0,1.5,0.5,0.5,0.0,1.5,1.0,4.0
Semi Ojeleye,204.0,9.0,13.9,1.1,2.8,39.4,0.6,1.7,34.2,0.4,0.6,68.1,0.4,1.5,2.0,0.4,0.1,0.3,1.1,0.3,3.2
Payton Pritchard,7.0,0.0,21.9,2.7,5.3,51.4,0.9,2.1,40.0,0.3,0.4,66.7,0.0,2.0,2.0,2.4,0.3,1.6,1.9,1.9,6.6
Marcus Smart,408.0,190.0,29.0,3.3,8.8,37.3,1.5,4.6,32.0,1.9,2.4,77.4,0.9,2.7,3.5,4.1,0.4,1.6,2.6,1.7,9.9
Jayson Tatum,232.0,232.0,31.9,6.4,14.0,45.7,1.9,4.6,40.1,2.9,3.5,82.8,0.8,5.2,6.0,2.3,0.8,1.2,2.1,1.8,17.6
Jeff Teague,778.0,594.0,27.5,4.4,10.0,44.4,0.9,2.4,35.8,2.8,3.3,84.4,0.3,2.1,2.5,5.7,0.3,1.2,1.9,2.2,12.5
Daniel Theis,201.0,76.0,17.7,2.7,4.8,55.4,0.4,1.2,33.3,1.0,1.4,74.9,1.6,3.1,4.8,1.2,0.9,0.5,2.8,0.8,6.7
Tristan Thompson,625.0,435.0,28.0,3.8,7.3,51.8,0.0,0.1,28.1,1.8,3.0,61.1,3.4,5.3,8.7,1.0,0.7,0.5,2.3,1.2,9.4
Kemba Walker,661.0,616.0,33.8,6.9,16.4,41.9,2.2,6.1,36.0,3.9,4.7,83.7,0.6,3.3,3.8,5.4,0.4,1.3,1.5,2.2,19.9
Tremont Waters,13.0,1.0,9.8,1.2,3.9,29.4,0.3,1.8,16.7,0.8,0.8,100.0,0.0,0.9,0.9,1.5,0.2,0.9,1.0,1.4,3.4
Grant Williams,75.0,5.0,15.3,1.3,3.1,41.5,0.4,1.4,25.2,0.5,0.8,69.0,0.9,1.7,2.6,1.0,0.5,0.4,2.4,0.7,3.5
Jarrett Allen,229.0,175.0,24.2,3.9,6.4,61.0,0.0,0.3,16.7,2.2,3.2,69.8,2.5,5.4,7.9,1.2,1.4,0.5,2.2,1.2,10.1
Bruce Brown,135.0,99.0,22.9,2.4,5.7,42.5,0.4,1.4,30.0,1.0,1.3,74.3,0.8,2.6,3.4,2.4,0.5,0.8,2.5,1.1,6.2
Chris Chiozza,37.0,2.0,12.5,1.7,4.4,38.0,0.9,2.3,37.2,0.2,0.2,77.8,0.3,1.3,1.6,2.5,0.1,0.6,1.2,1.0,4.4
Nicolas Claxton,15.0,0.0,12.5,1.8,3.2,56.3,0.1,0.5,14.3,0.7,1.4,52.4,1.3,1.7,2.9,1.1,0.5,0.1,0.9,0.6,4.4
Spencer Dinwiddie,320.0,133.0,25.7,4.1,10.1,41.0,1.4,4.3,31.8,3.2,4.1,79.4,0.4,2.4,2.8,5.0,0.3,0.7,2.3,1.8,12.9
Kevin Durant,855.0,855.0,36.9,9.2,18.7,49.3,1.9,4.9,38.1,6.8,7.7,88.3,0.7,6.3,7.1,4.1,1.1,1.1,1.9,3.1,27.0
Jeff Green,915.0,545.0,29.4,4.7,10.6,44.2,1.0,3.1,33.4,2.5,3.1,80.5,0.9,3.5,4.4,1.6,0.5,0.7,2.2,1.5,12.9
Joe Harris,338.0,178.0,24.4,3.8,8.0,47.9,1.9,4.4,42.9,0.9,1.2,77.8,0.6,2.6,3.2,1.6,0.2,0.5,2.1,1.2,10.5
Kyrie Irving,534.0,534.0,33.8,8.2,17.7,46.6,2.1,5.5,39.0,3.8,4.4,87.8,0.8,2.9,3.7,5.7,0.4,1.3,2.2,2.6,22.5
Tyler Johnson,312.0,75.0,25.5,3.7,8.7,42.9,1.2,3.4,36.0,1.7,2.2,77.6,0.6,2.6,3.1,2.4,0.4,0.9,1.9,1.1,10.4
DeAndre Jordan,882.0,720.0,27.7,3.8,5.7,67.0,0.0,0.0,9.1,1.9,3.9,47.4,3.2,7.6,10.8,0.9,1.6,0.6,2.6,1.4,9.4
Rodions Kurucs,113.0,55.0,17.6,2.5,5.6,44.8,0.8,2.4,33.3,0.8,1.2,73.8,0.7,2.7,3.4,0.9,0.3,0.6,2.1,1.1,6.7
Caris LeVert,220.0,93.0,25.8,4.8,11.1,43.1,1.3,3.8,33.6,2.0,2.8,71.1,0.8,3.0,3.7,3.7,0.3,1.1,1.9,1.9,12.8
Reggie Perry,3.0,0.0,4.3,0.3,1.7,20.0,0.0,0.7,0.0,0.0,0.0,0.0,0.3,0.7,1.0,1.0,0.0,0.0,0.0,0.0,0.7
Taurean Prince,267.0,201.0,26.1,4.0,9.8,41.2,1.8,5.0,36.7,1.5,1.9,81.8,0.6,3.7,4.3,1.9,0.4,0.9,2.2,1.8,11.4
Landry Shamet,139.0,57.0,24.3,2.9,7.0,41.7,2.0,5.1,39.6,1.1,1.3,83.1,0.2,1.5,1.7,1.6,0.2,0.5,2.2,0.7,8.9
RJ Barrett,62.0,61.0,31.2,5.3,13.3,39.9,1.1,3.6,31.0,2.9,4.6,63.3,0.9,4.3,5.2,2.6,0.3,1.0,2.2,2.2,14.6
Ignas Brazdeikis,11.0,0.0,5.0,0.5,2.1,26.1,0.1,0.8,11.1,0.5,0.6,85.7,0.3,0.4,0.6,0.4,0.1,0.0,0.3,0.2,1.7
Reggie Bullock,307.0,144.0,19.9,2.6,6.0,42.7,1.3,3.5,38.3,0.5,0.7,82.0,0.3,1.8,2.1,1.1,0.1,0.5,1.1,0.6,7.0
Alec Burks,498.0,86.0,21.9,3.5,8.3,42.3,0.8,2.3,36.8,2.5,3.1,79.3,0.6,2.6,3.2,1.9,0.2,0.7,1.8,1.3,10.3
Jared Harper,5.0,0.0,2.6,0.2,1.0,20.0,0.0,0.4,0.0,0.4,0.4,100.0,0.0,0.0,0.0,0.0,0.0,0.0,0.0,0.4,0.8
Nerlens Noel,367.0,167.0,22.0,3.3,6.0,54.3,0.0,0.0,28.6,1.4,2.1,64.8,1.9,4.3,6.2,1.2,1.4,1.3,2.5,1.4,7.9
Frank Ntilikina,182.0,51.0,21.1,2.3,6.2,36.7,0.7,2.3,31.6,0.7,0.9,77.5,0.4,1.7,2.1,3.0,0.3,0.8,2.4,1.4,6.0
Elfrid Payton,393.0,337.0,29.3,4.5,10.0,45.3,0.4,1.4,29.3,1.5,2.4,62.2,1.1,3.3,4.4,6.6,0.3,1.3,2.2,2.4,11.0
Theo Pinson,55.0,0.0,10.6,1.3,4.2,30.3,0.5,2.3,20.9,0.6,0.7,89.5,0.3,1.4,1.7,1.4,0.1,0.4,0.9,0.9,3.7
Immanuel Quickley,2.0,0.0,13.5,2.0,3.5,57.1,0.5,1.5,33.3,2.5,2.5,100.0,0.0,1.0,1.0,1.5,0.0,0.5,1.5,1.5,7.0
Julius Randle,381.0,301.0,29.3,6.1,12.3,49.3,0.5,1.6,30.2,3.5,4.9,72.5,2.2,6.9,9.0,2.9,0.5,0.7,3.2,2.5,16.2
Austin Rivers,554.0,149.0,24.5,3.4,8.1,41.8,1.1,3.2,34.9,1.3,1.9,64.4,0.3,1.8,2.1,2.3,0.2,0.7,2.2,1.1,9.2
Mitchell Robinson,133.0,32.0,22.1,3.6,5.0,71.4,0.0,0.0,0.0,1.3,2.2,58.3,2.9,3.9,6.8,0.6,2.2,0.8,3.2,0.6,8.5
Omari Spellman,95.0,14.0,17.8,2.4,5.7,41.7,0.9,2.5,36.6,1.1,1.4,76.6,1.6,2.8,4.3,1.0,0.5,0.6,1.4,0.9,6.8
Obi Toppin,1.0,0.0,24.0,3.0,12.0,25.0,3.0,7.0,42.9,0.0,0.0,0.0,0.0,3.0,3.0,1.0,2.0,0.0,0.0,0.0,9.0
Tony Bradley,71.0,3.0,10.5,2.0,3.1,62.3,0.0,0.1,75.0,0.5,0.7,64.7,1.8,2.4,4.2,0.4,0.5,0.2,1.7,0.5,4.4
Seth Curry,262.0,84.0,22.5,3.7,7.7,47.8,1.8,4.0,44.5,1.0,1.2,84.6,0.3,1.6,2.0,1.8,0.1,0.7,1.5,1.0,10.2
Joel Embiid,214.0,214.0,30.5,8.0,16.6,48.1,1.1,3.6,32.0,6.8,8.6,79.3,2.4,9.1,11.5,3.1,1.8,0.8,3.4,3.5,24.0
Terrance Ferguson,193.0,124.0,20.5,1.7,4.3,40.5,1.0,3.0,33.6,0.3,0.4,75.3,0.4,1.0,1.4,0.7,0.2,0.5,2.4,0.5,4.8
Danny Green,694.0,618.0,25.3,3.1,7.4,42.3,1.9,4.7,39.9,0.7,0.9,80.7,0.6,2.9,3.5,1.6,0.8,1.0,1.8,1.0,8.9
Tobias Harris,624.0,504.0,30.9,6.1,12.9,47.1,1.3,3.6,36.6,2.5,3.0,82.1,1.0,5.1,6.1,2.0,0.5,0.7,2.0,1.4,16.0
Dwight Howard,1119.0,1046.0,33.4,6.0,10.3,58.7,0.0,0.1,14.5,4.6,8.1,56.5,3.4,8.8,12.3,1.4,1.9,0.9,3.2,2.8,16.7
Isaiah Joe,2.0,0.0,7.0,0.5,1.5,33.3,0.0,1.0,0.0,0.0,0.0,0.0,0.0,1.5,1.5,0.5,0.0,0.5,1.0,0.5,1.0
Furkan Korkmaz,137.0,19.0,17.3,2.6,6.3,41.2,1.5,3.9,37.3,0.9,1.1,77.0,0.3,1.9,2.1,1.0,0.2,0.5,1.3,0.7,7.5
Dakota Mathias,2.0,0.0,6.5,1.5,4.5,33.3,1.0,3.0,33.3,0.0,0.0,0.0,0.0,1.0,1.0,1.0,0.0,0.0,0.0,0.0,4.0
Tyrese Maxey,6.0,0.0,14.7,2.7,6.3,42.1,0.2,1.2,14.3,0.0,0.0,0.0,0.2,1.2,1.3,1.5,0.0,0.5,0.7,0.8,5.5
Shake Milton,66.0,24.0,18.5,3.0,6.5,45.7,1.2,3.1,38.8,1.0,1.3,77.3,0.4,1.7,2.0,2.1,0.3,0.5,2.0,0.9,8.2
Vincent Poirier,23.0,0.0,6.0,0.8,1.7,47.4,0.0,0.1,50.0,0.3,0.3,85.7,0.6,1.3,2.0,0.3,0.4,0.1,1.1,0.4,1.9
Mike Scott,509.0,22.0,16.5,2.7,5.9,45.8,0.9,2.4,36.3,0.7,1.0,75.9,0.7,2.5,3.2,0.9,0.1,0.3,1.5,0.7,7.0
Ben Simmons,223.0,223.0,34.3,6.7,11.9,55.9,0.0,0.1,12.0,2.9,4.9,59.4,2.0,6.4,8.3,7.9,0.8,1.7,2.8,3.5,16.3
Matisse Thybulle,71.0,14.0,19.0,1.6,3.9,41.9,0.8,2.3,35.5,0.4,0.6,61.9,0.6,1.0,1.6,1.1,0.7,1.4,2.1,0.7,4.5
OG Anunoby,215.0,141.0,23.6,3.0,6.3,47.8,1.1,3.1,36.0,0.7,1.1,65.7,0.9,2.7,3.6,1.0,0.4,1.0,2.1,0.9,7.9
Aron Baynes,474.0,142.0,15.8,2.4,4.8,49.5,0.2,0.6,32.0,1.0,1.3,80.0,1.5,3.0,4.5,0.8,0.5,0.2,2.2,0.9,6.0
Chris Boucher,96.0,0.0,11.3,2.1,4.4,47.4,0.6,1.8,32.4,1.2,1.5,78.9,1.4,2.4,3.8,0.3,1.0,0.3,1.7,0.4,5.9
Terence Davis,75.0,4.0,16.4,2.7,5.9,45.8,1.3,3.3,38.9,0.7,0.8,86.4,0.7,2.6,3.2,1.5,0.2,0.5,1.7,1.1,7.4
Malachi Flynn,2.0,0.0,2.0,0.0,1.0,0.0,0.0,1.0,0.0,0.0,0.0,0.0,0.0,0.0,0.0,0.0,0.0,0.0,0.0,0.0,0.0
Stanley Johnson,314.0,64.0,20.2,2.4,6.5,37.4,0.8,2.7,29.3,0.9,1.2,75.5,0.5,2.7,3.2,1.4,0.2,0.9,1.9,1.1,6.5
Alex Len,470.0,183.0,19.6,3.0,6.1,49.5,0.2,0.6,33.9,1.7,2.4,69.0,2.0,4.2,6.2,0.8,1.0,0.4,2.6,1.2,7.9
Kyle Lowry,919.0,683.0,31.6,4.7,11.2,42.3,1.9,5.1,36.6,3.5,4.3,81.0,0.8,3.5,4.3,6.2,0.3,1.4,2.7,2.3,14.8
Patrick McCaw,194.0,43.0,17.2,1.5,3.6,41.9,0.5,1.6,30.5,0.4,0.5,77.9,0.3,1.3,1.6,1.4,0.2,0.7,1.2,0.6,3.9
Norman Powell,312.0,90.0,18.8,3.1,6.9,45.4,1.1,2.9,36.2,1.3,1.6,82.0,0.3,2.0,2.4,1.3,0.2,0.7,1.6,1.0,8.6
Pascal Siakam,280.0,186.0,26.2,5.0,10.1,49.7,0.9,2.7,33.2,2.0,2.6,76.5,1.2,4.4,5.6,2.3,0.7,0.8,2.5,1.5,12.9
Matt Thomas,44.0,1.0,11.1,1.8,3.8,47.9,1.2,2.5,47.7,0.2,0.3,76.9,0.2,1.3,1.5,0.6,0.0,0.3,0.9,0.4,5.1
Fred VanVleet,236.0,87.0,24.1,3.7,9.0,41.1,1.7,4.3,39.0,1.6,1.9,84.2,0.3,2.3,2.6,4.1,0.3,1.1,1.8,1.3,10.6
Yuta Watanabe,34.0,0.0,8.5,0.9,2.6,34.5,0.1,0.7,20.0,0.3,0.5,55.6,0.4,1.3,1.6,0.4,0.1,0.3,0.6,0.2,2.2
Paul Watson,11.0,0.0,8.2,0.9,2.5,37.0,0.4,1.2,30.8,0.6,0.8,77.8,0.2,1.5,1.6,0.7,0.1,0.4,0.5,0.3,2.8
Ryan Arcidiacono,165.0,36.0,19.5,1.8,4.2,43.2,0.9,2.4,37.1,0.8,0.9,83.2,0.3,1.9,2.2,2.4,0.0,0.6,1.7,0.7,5.2
Devon Dotson,1.0,0.0,10.0,2.0,4.0,50.0,0.0,0.0,0.0,0.0,0.0,0.0,0.0,1.0,1.0,0.0,0.0,0.0,1.0,0.0,4.0
Cristiano Felicio,235.0,20.0,14.8,1.8,3.2,57.1,0.0,0.1,0.0,0.9,1.3,67.4,1.6,2.5,4.1,0.7,0.2,0.3,1.5,0.6,4.5
Daniel Gafford,49.0,7.0,14.3,2.2,3.2,70.3,0.0,0.0,0.0,0.9,1.6,56.3,1.2,1.3,2.5,0.5,1.2,0.3,2.2,0.6,5.4
Chandler Hutchison,76.0,24.0,19.4,2.4,5.3,45.3,0.4,1.2,29.7,0.9,1.6,60.2,0.7,3.4,4.1,0.8,0.2,0.7,1.5,0.7,6.1
Luke Kornet,103.0,33.0,16.3,2.3,5.8,39.9,1.3,3.7,33.8,0.7,0.8,78.2,0.6,2.2,2.8,1.1,0.8,0.4,1.2,0.5,6.5
Zach LaVine,360.0,273.0,30.8,6.4,14.3,44.7,1.8,4.9,37.3,3.1,3.8,82.1,0.5,3.2,3.6,3.6,0.3,1.0,2.2,2.6,17.8
Lauri Markkanen,174.0,173.0,30.5,5.7,13.2,43.2,2.2,6.2,35.9,2.6,3.1,84.6,1.2,6.3,7.6,1.3,0.6,0.7,1.9,1.5,16.2
Adam Mokoka,14.0,0.0,10.3,1.1,2.8,41.0,0.4,1.5,28.6,0.1,0.3,50.0,0.6,0.4,0.9,0.5,0.1,0.4,1.6,0.2,2.9
Tomas Satoransky,278.0,151.0,23.3,2.7,5.9,46.9,0.7,1.8,36.8,1.2,1.5,81.8,0.9,2.2,3.1,4.1,0.2,0.9,1.8,1.4,7.4
Garrett Temple,582.0,246.0,21.1,2.3,5.6,40.2,1.0,2.8,34.6,0.9,1.2,73.8,0.4,1.9,2.3,1.7,0.3,0.8,1.9,0.9,6.3
Denzel Valentine,174.0,42.0,20.8,2.9,7.3,40.4,1.6,4.2,37.1,0.3,0.5,75.9,0.4,3.2,3.6,2.0,0.1,0.7,1.9,1.0,7.8
Coby White,72.0,8.0,26.4,4.8,12.3,39.1,2.1,5.9,35.6,1.7,2.1,80.1,0.4,3.2,3.7,3.0,0.1,0.7,1.8,1.8,13.5
Patrick Williams,7.0,7.0,24.9,3.6,8.0,44.6,0.7,1.9,38.5,1.7,2.1,80.0,0.4,2.9,3.3,1.0,1.1,0.6,2.1,1.7,9.6
Thaddeus Young,968.0,687.0,30.3,5.7,11.3,49.8,0.5,1.5,33.3,1.3,2.0,67.0,2.0,3.9,5.9,1.7,0.4,1.5,2.2,1.5,13.2
Marques Bolden,4.0,0.0,2.8,0.3,0.3,100.0,0.0,0.0,0.0,0.8,1.5,50.0,0.0,0.8,0.8,0.0,0.0,0.3,0.3,0.0,1.3
Matthew Dellavedova,434.0,92.0,20.4,2.0,5.1,38.9,0.9,2.5,36.8,0.7,0.8,83.8,0.4,1.4,1.8,3.7,0.0,0.5,1.9,1.3,5.6
Damyean Dotson,170.0,42.0,20.0,2.9,6.9,42.0,1.2,3.4,36.1,0.7,0.9,72.1,0.3,2.3,2.6,1.3,0.1,0.6,1.3,0.7,7.7
Andre Drummond,605.0,554.0,31.0,6.1,11.3,54.1,0.0,0.2,14.0,2.2,4.8,46.2,4.8,9.1,13.8,1.3,1.6,1.4,3.2,2.0,14.5
Dante Exum,244.0,71.0,18.6,2.1,5.1,40.7,0.7,2.2,30.5,0.8,1.1,76.4,0.4,1.4,1.8,2.1,0.2,0.4,1.8,1.3,5.7
Darius Garland,65.0,65.0,31.4,4.9,12.1,40.7,1.8,5.0,36.6,1.1,1.2,87.7,0.5,1.6,2.0,4.1,0.1,0.8,1.7,2.6,12.8
Kevin Love,715.0,632.0,32.0,6.0,13.6,44.2,1.7,4.6,37.0,4.5,5.4,82.8,2.8,8.4,11.1,2.4,0.5,0.7,2.1,2.0,18.2
Thon Maker,258.0,65.0,13.8,1.6,3.7,43.5,0.5,1.5,32.9,0.9,1.3,67.6,0.8,1.9,2.8,0.6,0.7,0.4,1.8,0.5,4.6
JaVale McGee,707.0,317.0,17.3,3.4,5.9,57.4,0.0,0.1,20.5,1.1,1.9,59.0,1.9,3.3,5.2,0.4,1.5,0.4,2.2,1.0,7.9
Isaac Okoro,2.0,2.0,37.5,2.0,4.5,44.4,0.5,2.5,20.0,1.0,1.0,100.0,0.0,3.0,3.0,2.5,0.0,0.5,2.5,2.0,5.5
Cedi Osman,208.0,153.0,24.8,3.6,8.2,43.5,1.4,3.9,36.4,1.1,1.6,71.5,0.5,3.0,3.5,1.9,0.1,0.7,2.1,1.2,9.7
Collin Sexton,153.0,143.0,32.5,7.1,15.7,45.5,1.5,3.7,39.8,3.0,3.6,84.1,0.8,2.2,3.0,3.0,0.1,0.8,2.3,2.3,18.8
Lamar Stevens,2.0,0.0,3.5,0.0,0.5,0.0,0.0,0.0,0.0,1.0,1.0,100.0,0.0,1.0,1.0,0.0,0.0,0.0,0.0,0.0,1.0
Dean Wade,17.0,0.0,7.0,0.8,1.4,56.5,0.2,0.6,36.4,0.0,0.1,0.0,0.2,1.2,1.4,0.3,0.3,0.4,0.9,0.4,1.8
Dylan Windler,1.0,0.0,9.0,1.0,5.0,20.0,1.0,4.0,25.0,0.0,0.0,0.0,0.0,0.0,0.0,0.0,0.0,2.0,0.0,1.0,3.0
Saddiq Bey,5.0,2.0,20.2,2.6,7.8,33.3,2.4,5.0,48.0,1.2,2.0,60.0,0.4,4.0,4.4,0.8,0.0,0.6,1.6,0.6,8.8
Sekou Doumbouya,44.0,19.0,18.7,2.3,6.0,38.5,0.7,2.4,29.2,0.8,1.2,68.6,0.6,2.5,3.1,0.5,0.2,0.5,1.9,0.8,6.1
Wayne Ellington,682.0,166.0,21.0,2.9,7.1,40.8,1.5,4.0,37.8,0.7,0.8,84.6,0.3,1.9,2.2,1.1,0.1,0.5,1.2,0.7,8.0
Jerami Grant,460.0,175.0,24.7,3.3,7.2,46.4,0.8,2.4,34.6,2.0,2.9,67.3,0.9,2.9,3.9,1.1,1.1,0.6,2.3,0.9,9.5
Blake Griffin,626.0,626.0,34.8,8.1,16.3,49.8,0.7,2.0,33.4,4.8,6.9,69.4,2.1,6.7,8.8,4.4,0.5,0.9,2.8,2.6,21.6
Killian Hayes,6.0,6.0,22.3,1.7,6.5,25.6,0.7,2.8,23.5,0.2,0.3,50.0,0.2,1.2,1.3,4.0,0.0,0.3,2.3,2.3,4.2
Frank Jackson,120.0,18.0,16.4,2.7,6.5,42.2,0.8,2.6,31.9,0.9,1.2,74.3,0.4,1.4,1.8,1.1,0.1,0.4,1.4,0.8,7.2
Josh Jackson,184.0,68.0,24.3,4.6,10.9,42.0,0.9,3.0,29.8,2.0,3.0,65.5,1.0,3.3,4.3,1.9,0.6,1.0,2.6,1.9,12.0
Rodney McGruder,218.0,116.0,21.5,2.2,5.4,41.2,0.9,2.6,33.6,0.5,0.8,64.3,0.9,2.2,3.1,1.3,0.2,0.5,1.6,0.7,5.9
Svi Mykhailiuk,104.0,27.0,17.3,2.2,5.6,38.8,1.5,3.9,37.7,0.7,0.9,78.4,0.3,1.2,1.5,1.4,0.0,0.6,1.1,0.8,6.6
Jahlil Okafor,223.0,114.0,20.3,4.7,8.6,53.9,0.0,0.1,22.2,1.6,2.4,67.5,1.6,3.4,5.0,1.0,0.9,0.3,2.2,1.5,10.9
Mason Plumlee,538.0,263.0,21.7,3.3,5.7,57.5,0.0,0.1,5.9,1.8,3.2,56.4,2.0,4.3,6.2,2.2,0.9,0.8,2.7,1.5,8.3
Derrick Rose,601.0,504.0,32.5,7.3,16.1,45.6,0.8,2.6,30.4,3.3,4.0,82.6,0.8,2.6,3.4,5.6,0.3,0.8,1.3,2.7,18.7
Isaiah Stewart,4.0,0.0,17.8,2.0,4.3,47.1,0.0,0.0,0.0,0.5,0.8,66.7,3.5,2.3,5.8,0.8,1.0,0.0,2.8,0.5,4.5
Delon Wright,277.0,25.0,20.0,2.6,5.9,45.0,0.6,1.8,34.5,1.4,1.7,79.2,0.8,2.3,3.1,2.9,0.4,1.0,1.2,1.0,7.3
Goga Bitadze,54.0,2.0,8.7,1.3,2.8,46.7,0.1,0.8,19.0,0.4,0.6,72.7,0.5,1.5,2.0,0.4,0.7,0.2,1.2,0.5,3.2
Malcolm Brogdon,247.0,172.0,28.9,5.2,11.0,47.3,1.4,3.5,38.8,2.0,2.3,89.4,0.7,3.1,3.8,4.4,0.2,0.9,1.9,1.7,13.8
Aaron Holiday,122.0,36.0,19.5,2.9,7.1,40.9,1.1,3.0,36.8,1.0,1.1,83.5,0.2,1.7,1.9,2.6,0.3,0.7,1.7,1.1,7.8
Justin Holiday,436.0,168.0,23.1,2.9,7.2,39.8,1.5,4.1,36.0,1.0,1.2,82.5,0.4,2.5,2.9,1.4,0.4,1.0,1.6,0.9,8.2
Jeremy Lamb,481.0,128.0,21.2,3.9,8.8,44.4,1.0,3.0,33.9,1.6,1.9,85.1,0.5,3.2,3.7,1.6,0.4,0.7,1.6,0.8,10.5
Jalen Lecque,7.0,0.0,5.1,0.7,1.7,41.7,0.0,0.6,0.0,0.4,0.4,100.0,0.1,0.6,0.7,0.4,0.0,0.0,0.4,0.3,1.9
Kelan Martin,34.0,4.0,15.1,2.1,5.6,38.1,0.7,2.9,25.3,0.9,0.9,96.8,0.4,2.5,2.9,0.7,0.3,0.3,1.6,0.6,5.9
Doug McDermott,416.0,14.0,20.0,3.1,6.7,46.4,1.2,3.0,40.9,0.8,1.0,81.9,0.4,1.9,2.2,0.8,0.1,0.2,1.4,0.6,8.3
Victor Oladipo,426.0,366.0,33.0,6.4,14.5,44.1,1.6,4.4,35.1,3.0,3.8,79.4,0.6,4.0,4.6,3.9,0.5,1.6,2.4,2.6,17.4
Domantas Sabonis,297.0,158.0,25.8,4.9,9.3,52.3,0.3,1.0,33.3,2.2,3.1,72.0,2.0,6.0,8.0,2.7,0.4,0.6,3.0,1.9,12.3
JaKarr Sampson,209.0,90.0,15.5,2.0,4.4,46.8,0.3,1.1,25.1,0.9,1.3,67.1,0.6,2.0,2.6,0.8,0.5,0.4,1.9,0.8,5.3
Cassius Stanley,2.0,0.0,2.0,1.0,1.5,66.7,0.5,0.5,100.0,0.0,0.0,0.0,0.5,0.0,0.5,0.0,0.0,0.0,0.5,0.5,2.5
Edmond Sumner,56.0,5.0,11.8,1.5,3.7,40.6,0.4,1.4,26.2,0.6,0.9,58.5,0.4,0.9,1.3,1.2,0.3,0.5,1.3,0.6,3.9
Myles Turner,348.0,315.0,28.4,4.9,10.0,48.8,0.8,2.2,35.1,2.2,2.9,77.0,1.4,5.2,6.6,1.2,2.1,0.7,2.8,1.3,12.7
Jaylen Adams,34.0,1.0,12.6,1.1,3.2,34.5,0.7,2.2,33.8,0.2,0.3,77.8,0.3,1.4,1.8,1.9,0.1,0.4,1.3,0.8,3.2
Giannis Antetokounmpo,534.0,469.0,32.4,7.3,14.0,52.6,0.6,2.1,28.3,4.8,6.7,72.0,1.7,7.2,8.9,4.3,1.3,1.2,3.0,2.8,20.1
Thanasis Antetokounmpo,27.0,2.0,7.3,1.2,2.3,52.4,0.0,0.6,6.7,0.3,0.6,41.2,0.6,0.7,1.3,0.8,0.1,0.3,1.1,0.7,2.7
Pat Connaughton,289.0,12.0,15.8,1.8,4.1,44.4,0.8,2.2,34.9,0.4,0.5,79.3,0.6,2.2,2.8,1.3,0.3,0.3,1.1,0.5,4.8
Torrey Craig,174.0,69.0,18.5,2.0,4.4,45.0,0.7,2.2,32.0,0.5,0.8,66.0,1.1,2.2,3.4,0.8,0.6,0.4,2.2,0.5,5.2
Donte DiVincenzo,99.0,30.0,20.9,3.2,6.9,45.4,1.3,3.6,34.4,0.7,1.0,73.3,0.9,3.2,4.1,1.9,0.3,1.1,1.6,1.2,8.3
Bryn Forbes,267.0,155.0,21.6,3.2,7.5,43.2,1.6,4.1,40.1,0.7,0.9,79.7,0.2,1.7,1.9,1.5,0.0,0.4,1.5,0.7,8.9
Jrue Holiday,719.0,646.0,33.2,6.3,13.8,45.3,1.3,3.7,35.5,2.0,2.6,77.8,0.9,3.0,3.9,6.4,0.5,1.5,2.3,2.7,15.9
Brook Lopez,791.0,752.0,30.5,6.4,13.0,49.4,0.7,2.0,34.1,3.3,4.1,79.4,2.1,4.3,6.4,1.5,1.8,0.6,2.7,1.8,16.8
Sam Merrill,5.0,0.0,7.8,0.8,1.4,57.1,0.8,1.0,80.0,0.0,0.0,0.0,0.6,1.2,1.8,1.4,0.0,0.2,0.4,0.6,2.4
Khris Middleton,523.0,448.0,31.5,6.0,13.0,45.9,1.8,4.5,39.3,2.7,3.0,87.8,0.6,4.1,4.7,3.4,0.2,1.2,2.6,1.9,16.4
Jordan Nwora,4.0,0.0,9.8,2.5,5.8,43.5,1.0,2.3,44.4,1.8,2.0,87.5,0.0,2.0,2.0,0.0,0.0,0.8,1.3,1.0,7.8
Bobby Portis,321.0,54.0,20.5,4.1,9.0,45.7,0.9,2.4,36.1,1.1,1.5,75.6,1.7,4.2,6.0,1.2,0.3,0.5,1.8,1.1,10.2
Will Barton,502.0,163.0,24.5,4.1,9.5,43.3,1.2,3.3,34.7,1.7,2.2,78.4,0.8,3.5,4.2,2.5,0.4,0.7,1.6,1.4,11.1
Bol Bol,10.0,0.0,10.1,1.4,3.2,43.8,0.4,1.1,36.4,0.8,1.0,80.0,0.5,1.5,2.0,0.6,0.7,0.2,1.3,1.0,4.0
Facundo Campazzo,6.0,0.0,9.2,1.0,2.2,46.2,1.0,1.8,54.5,0.8,1.0,83.3,0.0,0.8,0.8,1.2,0.2,0.8,1.3,1.0,3.8
Vlatko Cancar,16.0,0.0,3.1,0.4,1.0,37.5,0.1,0.4,16.7,0.3,0.3,100.0,0.3,0.3,0.6,0.2,0.1,0.1,0.4,0.3,1.1
PJ Dozier,43.0,0.0,13.5,2.1,5.0,41.6,0.5,1.6,34.3,0.6,0.8,72.2,0.6,1.7,2.3,1.7,0.3,0.4,1.2,0.7,5.3
Gary Harris,374.0,312.0,29.0,4.5,10.0,45.3,1.5,4.1,35.7,1.5,1.9,80.3,0.6,2.0,2.6,2.1,0.2,1.2,1.8,1.2,12.0
Isaiah Hartenstein,56.0,2.0,9.5,1.3,2.3,57.7,0.0,0.2,18.2,0.6,0.9,67.3,1.1,1.7,2.8,0.6,0.5,0.3,1.9,0.6,3.3
Markus Howard,3.0,0.0,0.7,0.0,0.3,0.0,0.0,0.3,0.0,0.0,0.0,0.0,0.0,0.0,0.0,0.0,0.0,0.0,0.0,0.0,0.0
Nikola Jokic,387.0,346.0,29.1,6.6,12.5,52.6,0.9,2.7,33.9,3.0,3.7,82.6,2.6,7.0,9.6,5.6,0.7,1.1,2.9,2.6,17.0
Paul Millsap,1002.0,715.0,29.1,5.2,10.7,49.1,0.5,1.4,34.6,3.0,4.1,73.6,2.2,5.1,7.3,2.3,1.0,1.3,3.1,1.8,14.0
Monte Morris,164.0,19.0,23.2,3.9,8.1,48.0,1.0,2.6,39.5,0.9,1.2,82.0,0.4,1.7,2.1,3.5,0.1,0.8,1.1,0.7,9.7
Jamal Murray,302.0,227.0,29.3,5.8,13.1,44.0,1.9,5.1,35.9,2.3,2.7,87.5,0.8,2.8,3.6,3.7,0.3,0.9,1.9,1.9,15.7
Zeke Nnaji,3.0,0.0,1.7,0.0,0.3,0.0,0.0,0.3,0.0,0.0,0.0,0.0,0.0,0.0,0.0,0.0,0.0,0.0,0.3,0.0,0.0
Malik Beasley,226.0,39.0,17.8,3.2,7.1,45.0,1.4,3.7,38.6,0.7,0.9,80.8,0.3,1.7,2.1,1.0,0.1,0.5,1.1,0.7,8.5
Jarrett Culver,69.0,38.0,23.9,3.7,9.0,40.6,1.0,3.4,29.5,0.9,1.9,47.7,1.2,2.4,3.6,1.6,0.6,0.9,2.0,1.3,9.2
Ed Davis,673.0,97.0,19.8,2.6,4.6,56.7,0.0,0.0,0.0,1.1,1.9,58.3,2.3,4.3,6.6,0.8,0.8,0.5,2.5,0.8,6.3
Anthony Edwards,6.0,0.0,25.0,5.3,12.5,42.7,1.8,5.8,31.4,1.2,1.7,70.0,0.7,1.3,2.0,2.2,0.3,0.7,1.8,1.3,13.7
Juancho Hernangomez,211.0,52.0,16.1,1.8,4.2,42.2,0.8,2.3,35.2,0.8,1.2,71.8,0.8,2.6,3.4,0.7,0.2,0.4,1.2,0.5,5.2
Jake Layman,170.0,40.0,13.7,2.0,4.5,45.4,0.6,2.0,30.4,0.6,0.8,73.5,0.5,1.4,1.9,0.6,0.3,0.4,1.2,0.5,5.3
Jaden McDaniels,4.0,0.0,6.3,1.3,2.0,62.5,0.8,1.3,60.0,0.3,0.5,50.0,0.0,1.0,1.0,0.3,0.3,0.5,0.8,0.5,3.5
Jordan McLaughlin,34.0,2.0,19.2,2.8,5.7,48.2,0.9,2.4,37.3,0.8,1.1,66.7,0.2,1.4,1.6,4.1,0.1,1.1,0.9,1.0,7.2
Jaylen Nowell,15.0,0.0,10.1,1.3,3.5,35.8,0.2,1.7,11.5,1.1,1.1,94.1,0.2,0.7,0.9,1.3,0.1,0.2,0.7,0.2,3.8
Josh Okogie,139.0,83.0,24.3,2.7,6.7,40.6,0.7,2.7,27.2,2.0,2.6,76.7,0.9,2.6,3.6,1.4,0.4,1.1,2.2,1.1,8.1
Naz Reid,36.0,14.0,17.4,3.5,8.2,43.2,1.0,3.1,33.0,1.3,1.8,69.7,1.1,3.0,4.1,1.3,0.8,0.6,2.8,0.8,9.4
Ricky Rubio,569.0,545.0,30.8,3.7,9.3,39.2,0.9,2.7,32.7,3.1,3.7,84.1,0.7,3.6,4.2,7.8,0.1,1.9,2.6,2.7,11.3
Jarred Vanderbilt,32.0,0.0,5.0,0.7,1.2,55.3,0.0,0.1,0.0,0.3,0.6,57.9,0.5,1.0,1.5,0.4,0.1,0.4,0.5,0.6,1.7
Trevor Ariza,1064.0,731.0,29.7,3.8,8.9,42.3,1.4,4.1,35.2,1.6,2.2,73.2,1.0,3.8,4.8,2.2,0.3,1.5,2.0,1.4,10.5
Darius Bazley,66.0,14.0,19.5,2.2,5.6,40.1,0.8,2.4,33.5,0.8,1.1,71.4,0.5,3.9,4.4,0.7,0.7,0.4,0.9,0.8,6.0
Moses Brown,10.0,0.0,3.6,0.4,1.1,36.4,0.0,0.0,0.0,0.3,1.0,30.0,0.3,1.3,1.6,0.1,0.2,0.1,0.7,0.3,1.1
Hamidou Diallo,102.0,6.0,14.9,2.2,4.9,45.0,0.2,0.8,24.7,0.8,1.3,60.2,0.9,2.0,2.9,0.6,0.2,0.6,1.9,0.8,5.4
Luguentz Dort,41.0,33.0,23.5,2.7,6.6,41.1,1.0,3.1,32.8,1.3,1.6,79.1,0.7,1.7,2.4,0.8,0.1,0.9,2.8,0.7,7.7
Josh Hall,2.0,0.0,5.5,0.5,3.0,16.7,0.5,2.0,25.0,0.0,1.0,0.0,0.0,0.5,0.5,0.0,0.0,0.0,1.5,0.0,1.5
George Hill,789.0,453.0,27.7,3.9,8.6,45.7,1.2,3.2,38.5,2.0,2.5,80.3,0.6,2.5,3.1,3.2,0.3,0.9,2.0,1.3,11.1
Al Horford,857.0,847.0,32.6,5.9,11.3,52.0,0.6,1.5,36.4,1.7,2.2,75.5,2.1,6.2,8.3,3.3,1.2,0.8,2.3,1.6,13.9
Justin Jackson,215.0,59.0,19.5,2.5,5.8,43.2,0.9,2.8,32.2,0.6,0.8,79.0,0.5,2.1,2.6,1.0,0.2,0.3,1.2,0.4,6.5
Ty Jerome,31.0,0.0,10.6,1.2,3.6,33.6,0.5,1.6,28.0,0.4,0.5,75.0,0.2,1.3,1.5,1.4,0.1,0.5,0.9,0.6,3.3
Theo Maledon,5.0,0.0,21.2,2.6,5.8,44.8,1.0,3.6,27.8,0.8,1.4,57.1,0.2,1.6,1.8,2.6,0.0,0.8,2.0,2.2,7.0
Darius Miller,253.0,28.0,20.4,2.1,4.9,41.8,1.3,3.4,38.2,0.6,0.7,83.0,0.2,1.5,1.7,1.4,0.2,0.4,2.0,0.6,6.0
Mike Muscala,359.0,30.0,15.5,2.1,4.5,46.2,0.8,2.1,37.0,0.7,0.9,84.2,0.9,2.3,3.1,0.9,0.5,0.4,1.5,0.6,5.7
Aleksej Pokusevski,5.0,0.0,16.0,0.4,4.2,9.5,0.2,3.2,6.3,0.0,0.0,0.0,0.2,3.6,3.8,1.4,1.0,1.0,1.2,2.0,1.0
Isaiah Roby,5.0,1.0,11.4,2.4,3.6,66.7,0.2,0.8,25.0,0.2,1.4,14.3,1.2,1.8,3.0,0.0,0.4,0.2,1.6,0.8,5.2
Kenrich Williams,90.0,47.0,21.9,1.8,4.9,36.5,0.9,2.9,30.2,0.3,0.5,53.1,1.2,3.4,4.6,1.6,0.5,0.8,2.1,0.7,4.7
Carmelo Anthony,1127.0,1114.0,35.6,8.4,18.8,44.8,1.3,3.7,34.9,5.4,6.6,81.2,1.7,4.8,6.5,2.9,0.5,1.0,2.9,2.6,23.5
Keljin Blevins,3.0,0.0,5.7,0.3,2.0,16.7,0.0,1.0,0.0,0.0,0.0,0.0,0.0,0.0,0.0,1.0,0.0,0.3,0.7,1.0,0.7
Zach Collins,154.0,12.0,17.5,2.2,4.9,44.4,0.5,1.6,32.4,0.8,1.1,72.2,1.2,2.8,4.0,0.9,0.7,0.3,2.2,1.0,5.7
Robert Covington,402.0,354.0,30.0,4.2,10.4,40.5,2.3,6.5,35.5,1.9,2.3,81.1,0.9,4.8,5.7,1.5,0.9,1.7,3.0,1.7,12.6
CJ Elleby,3.0,0.0,5.7,0.7,1.7,40.0,0.0,1.0,0.0,0.0,0.3,0.0,0.3,0.3,0.7,0.7,0.0,0.0,1.0,0.0,1.3
Rodney Hood,346.0,248.0,27.1,4.5,10.5,42.5,1.7,4.5,37.3,1.7,2.0,83.9,0.3,2.5,2.9,1.9,0.2,0.8,2.2,1.1,12.3
Enes Kanter,647.0,223.0,21.7,4.7,8.7,54.4,0.1,0.2,28.7,2.0,2.6,77.6,2.9,4.7,7.6,0.8,0.5,0.4,2.2,1.5,11.6
Damian Lillard,621.0,621.0,36.4,8.0,18.2,43.7,2.9,7.8,37.3,5.4,6.1,88.9,0.6,3.6,4.2,6.5,0.3,1.0,2.0,2.8,24.2
Nassir Little,48.0,5.0,11.9,1.4,3.1,43.0,0.3,1.2,23.7,0.6,0.9,63.6,0.6,1.6,2.3,0.5,0.3,0.3,1.5,0.3,3.6
CJ McCollum,487.0,390.0,31.0,7.1,15.7,45.4,2.1,5.4,39.8,2.2,2.6,82.7,0.6,2.7,3.3,3.2,0.4,0.9,2.2,1.7,18.6
Jusuf Nurkic,324.0,243.0,23.2,4.7,9.5,49.1,0.0,0.2,11.9,2.3,3.5,67.0,2.5,5.5,8.0,2.0,1.3,0.9,3.1,2.1,11.7
Anfernee Simons,95.0,5.0,17.4,2.6,6.6,40.1,1.0,2.9,33.5,0.9,1.2,78.6,0.3,1.5,1.8,1.2,0.1,0.3,1.6,0.8,7.2
Udoka Azubuike,2.0,0.0,4.5,1.0,1.5,66.7,0.0,0.0,0.0,0.0,0.0,0.0,0.5,0.0,0.5,0.0,0.5,0.0,0.5,0.0,2.0
Bojan Bogdanovic,468.0,351.0,28.6,5.0,10.9,45.9,1.9,4.8,39.4,2.3,2.7,85.8,0.5,3.0,3.5,1.5,0.1,0.6,1.6,1.6,14.2
Jarrell Brantley,9.0,0.0,10.7,1.1,3.1,35.7,0.3,1.4,23.1,0.1,0.2,50.0,0.2,2.0,2.2,1.2,0.6,0.3,0.8,0.8,2.7
Jordan Clarkson,459.0,140.0,26.9,5.7,12.7,44.7,1.5,4.4,34.2,1.9,2.4,81.9,0.9,2.3,3.2,2.6,0.1,0.9,1.7,1.7,14.8
Mike Conley,841.0,804.0,32.4,5.3,12.1,43.9,1.4,3.8,37.6,2.9,3.5,81.9,0.4,2.5,3.0,5.6,0.2,1.4,2.0,2.0,14.9
Derrick Favors,689.0,485.0,25.6,4.6,8.7,53.0,0.1,0.3,20.7,2.0,3.1,66.1,2.5,4.8,7.4,1.1,1.3,0.8,2.6,1.4,11.4
Rudy Gobert,480.0,388.0,29.5,4.3,6.8,64.0,0.0,0.0,0.0,3.1,4.9,63.0,3.2,7.7,11.0,1.4,2.2,0.7,2.6,1.6,11.7
Shaquille Harrison,141.0,23.0,16.4,2.3,5.1,44.9,0.3,1.1,29.3,1.1,1.5,70.6,0.5,2.2,2.6,1.7,0.4,1.1,1.6,0.7,6.0
Elijah Hughes,2.0,0.0,4.5,0.0,1.5,0.0,0.0,0.5,0.0,1.5,2.0,75.0,0.0,0.5,0.5,0.5,0.5,0.0,0.0,0.0,1.5
Joe Ingles,484.0,268.0,25.5,3.0,6.6,44.7,1.7,4.2,40.5,0.7,0.9,75.2,0.3,2.9,3.2,3.6,0.2,1.0,1.9,1.6,8.3
Donovan Mitchell,231.0,223.0,33.8,8.2,18.8,43.7,2.5,6.9,35.5,3.7,4.5,82.2,0.7,3.3,4.1,4.1,0.3,1.3,2.6,2.8,22.6
Juwan Morgan,24.0,0.0,6.0,0.6,1.1,55.6,0.1,0.4,33.3,0.1,0.2,75.0,0.4,0.9,1.3,0.3,0.1,0.0,0.8,0.3,1.5
Georges Niang,163.0,1.0,9.9,1.5,3.4,43.1,0.8,2.2,38.0,0.3,0.3,82.7,0.2,1.3,1.5,0.5,0.1,0.2,0.9,0.4,4.0
Miye Oni,13.0,1.0,9.3,1.0,2.7,37.1,0.6,1.5,40.0,0.3,0.4,80.0,0.5,1.2,1.6,0.4,0.2,0.3,0.9,0.4,2.9
Kent Bazemore,555.0,278.0,21.1,3.1,7.5,41.3,1.1,3.0,35.1,1.4,2.0,72.6,0.4,2.9,3.2,1.8,0.5,1.0,2.0,1.5,8.7
Marquese Chriss,258.0,147.0,19.3,3.0,6.5,45.5,0.6,2.1,28.9,1.4,2.1,66.7,1.3,3.6,4.9,1.1,0.8,0.7,2.6,1.3,8.0
Stephen Curry,705.0,699.0,34.3,8.1,17.1,47.6,3.6,8.2,43.4,3.7,4.1,90.7,0.7,3.8,4.5,6.6,0.2,1.7,2.5,3.1,23.6
Draymond Green,578.0,430.0,28.1,3.2,7.5,43.5,0.9,2.8,31.9,1.6,2.2,70.9,1.1,5.8,6.9,5.0,1.1,1.4,2.8,2.1,8.9
Damion Lee,102.0,47.0,22.6,3.4,8.0,42.1,1.4,3.8,35.6,1.5,1.8,85.7,0.5,3.4,3.9,1.8,0.1,0.8,1.8,0.9,9.6
Kevon Looney,230.0,36.0,14.0,1.9,3.3,56.9,0.0,0.2,14.3,0.6,1.0,60.5,1.6,2.1,3.7,1.0,0.6,0.5,1.9,0.5,4.3
Mychal Mulder,13.0,3.0,20.0,2.5,6.5,39.3,1.6,5.1,31.8,0.9,1.4,66.7,0.2,1.9,2.2,0.7,0.2,0.2,1.8,0.5,7.6
Eric Paschall,66.0,28.0,26.8,5.2,10.3,50.1,0.6,2.1,28.7,2.7,3.5,77.5,1.3,3.1,4.4,2.0,0.2,0.5,2.1,1.5,13.6
Jordan Poole,62.0,14.0,21.6,2.8,8.5,33.5,1.2,4.5,27.6,1.7,2.1,81.3,0.2,1.9,2.0,2.2,0.2,0.6,1.6,1.2,8.6
Alen Smailagic,14.0,0.0,9.9,1.4,2.9,50.0,0.2,0.9,23.1,1.1,1.4,84.2,0.7,1.2,1.9,0.9,0.3,0.2,1.0,0.8,4.2
Klay Thompson,615.0,578.0,33.1,7.3,16.0,45.9,2.9,7.0,41.9,1.9,2.3,84.8,0.4,3.0,3.5,2.3,0.5,0.9,2.1,1.7,19.5
Brad Wanamaker,113.0,1.0,16.0,1.9,4.3,44.7,0.5,1.3,36.0,1.4,1.6,90.5,0.2,1.5,1.7,2.2,0.2,0.7,1.6,0.9,5.8
Andrew Wiggins,460.0,460.0,35.7,7.3,16.5,44.1,1.2,3.6,33.3,3.9,5.4,73.2,1.3,3.1,4.4,2.3,0.6,1.0,2.2,2.1,19.7
James Wiseman,6.0,6.0,22.3,4.3,9.7,44.8,0.8,1.8,45.5,2.2,3.3,65.0,1.2,5.3,6.5,0.3,1.7,0.5,4.0,1.7,11.7
Nicolas Batum,796.0,721.0,31.3,4.1,9.4,43.5,1.6,4.4,35.7,1.7,2.1,84.2,1.1,4.2,5.2,3.8,0.6,0.9,1.8,1.8,11.5
Patrick Beverley,438.0,357.0,28.0,3.1,7.6,41.5,1.6,4.2,38.2,1.0,1.3,76.2,1.2,3.2,4.4,3.4,0.4,1.2,3.1,1.3,8.9
Amir Coffey,24.0,1.0,8.1,1.1,2.8,40.9,0.3,1.0,32.0,0.3,0.6,57.1,0.2,0.5,0.8,0.7,0.1,0.2,0.9,0.3,2.9
Paul George,659.0,611.0,33.5,6.8,15.6,43.4,2.5,6.4,38.3,4.0,4.7,84.7,0.9,5.5,6.4,3.4,0.4,1.7,2.7,2.6,20.0
Serge Ibaka,815.0,653.0,28.6,5.2,10.1,51.4,0.7,1.8,36.1,1.5,1.9,75.8,2.2,5.2,7.3,0.8,2.1,0.4,2.8,1.3,12.6
Reggie Jackson,568.0,348.0,25.0,4.7,11.1,42.8,1.2,3.5,33.8,2.1,2.4,85.6,0.5,2.4,2.9,4.4,0.1,0.7,1.9,1.9,12.8
Mfiondu Kabengele,17.0,0.0,5.6,0.9,2.4,36.6,0.6,1.5,38.5,0.4,0.4,100.0,0.1,0.8,0.9,0.2,0.2,0.2,0.9,0.2,2.8
Luke Kennard,171.0,46.0,23.3,3.5,8.0,44.2,1.6,3.9,40.4,1.1,1.3,86.2,0.2,2.5,2.8,2.1,0.2,0.5,1.5,1.0,9.8
Kawhi Leonard,529.0,502.0,31.0,6.7,13.7,49.0,1.5,3.8,38.2,3.8,4.5,85.4,1.2,5.2,6.4,2.7,0.7,1.8,1.7,1.6,18.7
Terance Mann,47.0,6.0,9.2,0.9,2.1,44.3,0.1,0.5,31.8,0.4,0.6,66.7,0.3,1.2,1.5,1.2,0.1,0.2,1.2,0.4,2.4
Daniel Oturu,4.0,0.0,5.5,1.3,2.0,62.5,0.0,0.3,0.0,0.0,0.0,0.0,0.3,1.5,1.8,0.5,0.5,0.0,0.8,0.3,2.5
Patrick Patterson,685.0,99.0,21.0,2.6,5.9,44.7,0.9,2.3,36.9,0.6,0.8,75.6,1.2,2.8,4.0,1.0,0.4,0.5,1.6,0.6,6.7
Lou Williams,1008.0,118.0,24.8,4.6,11.0,42.0,1.3,3.9,34.9,3.8,4.5,84.0,0.4,1.9,2.3,3.5,0.2,0.9,1.3,1.7,14.4
Ivica Zubac,219.0,118.0,16.1,3.0,5.3,57.0,0.0,0.0,0.0,1.5,1.9,75.9,1.9,3.6,5.5,0.9,0.8,0.3,2.0,0.9,7.5
Kostas Antetokounmpo,8.0,0.0,4.9,0.4,1.0,37.5,0.0,0.0,0.0,0.4,0.8,50.0,0.3,0.8,1.0,0.3,0.3,0.3,0.4,0.5,1.1
Devontae Cacok,1.0,0.0,9.0,3.0,6.0,50.0,0.0,0.0,0.0,0.0,0.0,0.0,2.0,3.0,5.0,1.0,0.0,0.0,0.0,0.0,6.0
Alex Caruso,129.0,13.0,17.9,2.0,4.6,42.8,0.6,1.7,36.7,1.1,1.5,75.0,0.4,1.6,2.0,2.2,0.3,0.9,1.6,1.1,5.6
Quinn Cook,170.0,29.0,14.8,2.7,5.8,46.3,1.0,2.5,40.6,0.3,0.4,78.9,0.3,1.5,1.8,1.7,0.0,0.3,1.1,0.8,6.7
Anthony Davis,534.0,529.0,34.5,8.9,17.3,51.5,0.5,1.5,32.1,5.7,7.1,80.2,2.6,7.8,10.4,2.3,2.4,1.4,2.4,1.9,24.0
Jared Dudley,896.0,286.0,22.4,2.7,5.8,46.4,1.0,2.5,39.3,1.0,1.4,73.2,0.9,2.3,3.2,1.6,0.2,0.8,1.8,0.8,7.4
Marc Gasol,846.0,830.0,32.9,5.4,11.2,48.2,0.5,1.3,35.4,3.3,4.2,77.7,1.6,6.0,7.6,3.4,1.4,0.9,2.9,2.0,14.5
Montrezl Harrell,325.0,25.0,21.0,5.2,8.4,61.5,0.0,0.2,9.6,2.3,3.6,64.0,1.8,3.2,5.0,1.3,0.9,0.6,2.3,1.2,12.7
LeBron James,1272.0,1271.0,38.3,9.9,19.6,50.3,1.5,4.3,34.4,5.8,8.0,73.4,1.2,6.2,7.4,7.4,0.8,1.6,1.8,3.5,27.0
Kyle Kuzma,215.0,116.0,29.9,6.0,13.3,44.9,1.8,5.4,33.3,2.1,2.9,73.3,0.9,4.5,5.4,1.9,0.4,0.6,2.2,1.8,15.9
Wesley Matthews,798.0,730.0,31.8,4.5,10.6,42.4,2.1,5.5,38.1,2.0,2.5,82.3,0.5,2.5,3.0,2.1,0.2,1.0,2.2,1.3,13.1
Alfonzo McKinnie,130.0,6.0,12.8,1.7,3.6,47.2,0.5,1.5,31.4,0.4,0.6,63.1,0.9,1.9,2.8,0.4,0.2,0.3,1.7,0.5,4.3
Markieff Morris,644.0,348.0,25.4,4.4,9.8,44.8,0.8,2.4,34.4,1.8,2.3,77.8,1.3,4.1,5.3,1.7,0.5,0.9,2.9,1.6,11.4
Dennis Schroder,503.0,184.0,25.6,5.3,12.2,43.6,1.1,3.4,33.7,2.3,2.8,82.7,0.4,2.4,2.9,4.6,0.1,0.8,1.9,2.4,14.1
Deandre Ayton,116.0,109.0,31.2,7.4,13.0,57.0,0.0,0.2,20.0,1.9,2.6,74.6,3.4,7.3,10.7,1.8,1.1,0.8,3.0,1.9,16.8
Devin Booker,349.0,324.0,33.5,7.7,17.2,44.9,2.0,5.5,35.4,5.0,5.8,86.9,0.5,3.2,3.6,4.7,0.3,0.8,3.1,3.3,22.4
Mikal Bridges,162.0,95.0,29.0,3.2,6.9,46.9,1.2,3.4,35.4,1.3,1.6,83.1,0.8,2.9,3.7,1.9,0.6,1.5,2.3,0.9,9.0
Jevon Carter,104.0,5.0,15.4,1.6,4.3,36.3,0.9,2.5,37.3,0.5,0.6,83.1,0.4,1.4,1.9,1.5,0.3,0.7,1.4,0.6,4.6
Jae Crowder,615.0,304.0,24.8,3.3,7.9,42.1,1.4,4.2,34.0,1.5,2.0,77.8,0.7,3.4,4.1,1.5,0.3,1.0,2.0,0.9,9.6
Langston Galloway,412.0,62.0,22.7,3.0,7.6,39.6,1.5,4.0,36.8,1.0,1.2,81.2,0.5,2.1,2.5,1.7,0.2,0.7,1.6,0.6,8.5
Cameron Johnson,64.0,9.0,22.1,3.2,7.3,44.2,1.9,4.9,39.0,0.9,1.0,83.6,0.8,2.4,3.2,1.2,0.4,0.6,1.5,0.5,9.3
Damian Jones,108.0,49.0,13.9,1.8,2.7,66.2,0.0,0.1,22.2,0.9,1.3,67.6,1.1,1.9,3.0,0.6,0.7,0.4,2.3,0.5,4.5
Frank Kaminsky,326.0,36.0,21.7,3.5,8.2,42.2,1.2,3.4,34.6,1.6,2.1,74.8,0.8,3.2,4.0,1.6,0.4,0.5,1.6,0.9,9.7
Abdel Nader,164.0,8.0,12.7,1.6,3.8,42.1,0.6,1.8,35.2,0.6,0.9,71.6,0.3,1.5,1.8,0.5,0.3,0.4,1.2,0.6,4.5
Chris Paul,1027.0,1027.0,34.8,6.5,13.7,47.0,1.3,3.7,37.0,4.2,4.8,87.1,0.7,3.9,4.5,9.5,0.1,2.2,2.5,2.4,18.4
Cameron Payne,168.0,28.0,16.5,2.5,6.1,40.8,0.9,2.5,34.9,0.5,0.6,78.6,0.3,1.6,1.9,2.6,0.2,0.7,1.6,1.0,6.3
Dario Saric,309.0,201.0,26.4,4.4,9.9,44.1,1.5,4.2,35.9,1.9,2.3,83.7,1.6,4.6,6.2,2.1,0.2,0.6,2.2,1.7,12.2
Jalen Smith,2.0,0.0,10.0,1.0,2.5,40.0,0.0,0.5,0.0,0.0,1.0,0.0,1.5,1.0,2.5,0.5,0.5,0.0,0.5,0.5,2.0
Harrison Barnes,618.0,557.0,31.2,5.1,11.3,44.8,1.2,3.3,37.4,2.3,2.9,79.6,1.0,3.9,4.9,1.6,0.2,0.7,1.7,1.2,13.7
Nemanja Bjelica,347.0,159.0,21.7,3.0,6.5,46.7,1.2,3.1,39.3,0.8,1.0,77.1,1.2,3.6,4.8,1.8,0.4,0.7,2.5,1.0,8.0
Kyle Guy,5.0,0.0,4.4,0.6,2.0,30.0,0.2,1.0,20.0,0.4,0.4,100.0,0.0,0.6,0.6,0.4,0.0,0.0,0.2,0.0,1.8
Tyrese Haliburton,5.0,0.0,26.8,3.6,6.8,52.9,2.0,4.0,50.0,1.4,1.6,87.5,0.6,1.4,2.0,4.4,0.4,1.0,1.4,0.8,10.6
Buddy Hield,322.0,200.0,27.8,5.9,13.4,44.0,2.8,6.8,41.0,1.3,1.5,86.5,0.8,3.4,4.2,2.2,0.3,0.8,2.0,1.7,15.9
Richaun Holmes,276.0,68.0,19.0,3.5,5.9,58.6,0.1,0.6,25.7,1.4,2.0,72.9,1.7,3.4,5.1,0.9,1.0,0.6,2.6,0.8,8.5
Justin James,37.0,0.0,6.4,0.9,2.3,41.7,0.2,0.8,31.0,0.3,0.6,47.6,0.2,0.7,0.9,0.5,0.2,0.2,0.5,0.2,2.4
DaQuan Jeffries,13.0,0.0,10.8,1.5,3.1,50.0,0.4,1.4,27.8,0.4,0.5,83.3,0.2,1.2,1.4,0.5,0.1,0.3,1.5,0.2,3.8
Cory Joseph,606.0,121.0,21.9,2.7,6.1,44.0,0.5,1.5,33.1,1.0,1.3,77.0,0.5,2.1,2.6,2.9,0.2,0.8,1.5,1.0,6.9
Chimezie Metu,47.0,0.0,5.3,0.9,2.1,43.0,0.0,0.1,0.0,0.5,0.6,76.7,0.4,1.0,1.5,0.5,0.2,0.2,0.4,0.5,2.3
Jabari Parker,285.0,190.0,29.0,6.0,12.2,49.3,0.7,2.2,32.4,2.2,2.9,74.0,1.5,4.2,5.7,2.1,0.4,0.9,2.1,1.8,14.9
Hassan Whiteside,415.0,320.0,26.5,5.7,9.8,58.2,0.0,0.1,32.0,2.2,3.7,60.6,3.3,8.3,11.7,0.7,2.4,0.6,2.6,1.6,13.6
Bogdan Bogdanovic,215.0,98.0,28.2,5.0,11.5,43.3,2.1,5.5,37.5,1.5,1.9,80.8,0.5,2.8,3.3,3.5,0.2,1.0,2.1,1.6,13.5
Clint Capela,338.0,278.0,26.0,5.3,8.3,63.4,0.0,0.0,0.0,1.6,3.1,52.2,3.3,6.5,9.7,1.0,1.5,0.7,2.5,1.2,12.2
John Collins,182.0,132.0,28.2,6.4,11.3,57.0,0.7,2.0,36.5,2.6,3.4,76.3,2.9,5.9,8.8,1.6,1.1,0.6,3.2,1.7,16.2
Bruno Fernando,62.0,13.0,12.5,1.7,3.4,51.4,0.1,0.6,13.2,0.5,0.9,57.4,1.2,2.5,3.7,0.9,0.3,0.3,1.8,0.8,4.0
Danilo Gallinari,613.0,542.0,30.9,4.9,11.4,42.7,2.0,5.2,38.1,4.4,5.0,87.3,0.7,4.2,4.9,2.0,0.4,0.8,1.8,1.3,16.1
Brandon Goodwin,54.0,1.0,10.0,1.6,4.2,38.4,0.6,1.9,30.7,0.7,0.8,86.7,0.2,1.2,1.5,1.4,0.1,0.2,1.0,0.6,4.6
Solomon Hill,370.0,172.0,21.9,2.0,5.1,39.4,0.8,2.4,33.7,1.0,1.3,80.1,0.7,2.5,3.2,1.6,0.2,0.7,1.8,0.9,5.8
Kevin Huerter,137.0,107.0,28.9,4.0,9.6,41.8,2.0,5.2,38.6,0.7,0.9,78.7,0.7,2.9,3.6,3.2,0.4,0.9,2.3,1.5,10.8
Nathan Knight,3.0,0.0,5.0,1.3,2.3,57.1,0.7,1.0,66.7,1.3,1.7,80.0,1.0,1.0,2.0,0.0,0.0,0.0,1.0,1.0,4.7
Skylar Mays,2.0,0.0,3.0,0.0,0.5,0.0,0.0,0.5,0.0,0.0,0.0,0.0,0.0,0.0,0.0,0.0,0.0,0.0,0.5,0.0,0.0
Cam Reddish,64.0,40.0,26.9,3.7,9.5,38.4,1.4,4.2,33.6,1.8,2.3,80.6,0.6,3.2,3.8,1.5,0.5,1.1,2.3,1.6,10.5
Rajon Rondo,875.0,729.0,31.0,4.3,9.3,45.8,0.4,1.4,31.7,1.2,2.0,60.6,1.0,3.7,4.7,8.3,0.1,1.7,2.2,2.8,10.2
Tony Snell,501.0,275.0,22.5,2.4,5.5,42.8,1.2,3.2,38.5,0.5,0.6,83.8,0.3,2.0,2.3,1.2,0.2,0.5,1.4,0.6,6.5
Trae Young,147.0,147.0,32.8,7.6,17.7,42.9,2.5,7.4,34.4,6.0,7.1,84.9,0.7,3.2,4.0,8.6,0.2,0.9,1.7,4.2,23.8
LaMelo Ball,6.0,0.0,23.0,4.0,9.5,42.1,1.8,4.3,42.3,1.7,2.3,71.4,1.5,2.8,4.3,4.2,0.5,1.8,2.7,2.3,11.5
Bismack Biyombo,642.0,276.0,20.3,2.0,3.8,52.2,0.0,0.0,0.0,1.3,2.2,57.3,2.0,4.3,6.3,0.6,1.3,0.2,2.2,0.9,5.2
Miles Bridges,151.0,89.0,25.5,3.8,8.7,44.0,1.2,3.5,33.0,1.1,1.4,79.2,1.1,3.7,4.8,1.5,0.7,0.7,1.7,1.0,9.9
Gordon Hayward,647.0,485.0,30.9,5.3,11.7,45.1,1.3,3.6,36.6,3.5,4.2,82.4,0.7,3.7,4.4,3.5,0.4,1.0,1.8,2.0,15.3
Caleb Martin,23.0,1.0,17.1,2.3,4.9,46.4,1.0,2.0,51.1,0.9,1.1,76.9,0.5,1.7,2.2,1.3,0.3,0.8,1.6,0.7,6.4
Cody Martin,53.0,3.0,18.5,1.8,4.2,43.7,0.3,1.5,22.2,0.8,1.3,64.2,0.8,2.5,3.3,2.0,0.2,0.8,1.5,0.9,4.8
Jalen McDaniels,22.0,0.0,16.2,1.9,4.0,47.7,0.5,1.3,35.7,0.9,1.2,76.9,0.8,2.8,3.6,0.8,0.1,0.4,2.0,0.9,5.2
Malik Monk,191.0,1.0,17.2,3.1,7.8,39.5,1.3,4.1,32.2,1.1,1.3,85.0,0.3,1.6,1.9,1.7,0.2,0.4,1.3,1.1,8.6
Nick Richards,2.0,0.0,2.5,0.5,0.5,100.0,0.0,0.0,0.0,0.0,0.0,0.0,0.0,0.5,0.5,0.0,0.0,0.0,0.5,0.0,1.0
Terry Rozier,341.0,99.0,22.8,3.5,8.9,39.7,1.6,4.2,37.4,1.3,1.6,81.2,0.6,3.1,3.7,2.7,0.2,0.8,1.3,1.1,9.9
Cody Zeller,420.0,253.0,22.9,3.2,6.3,51.3,0.1,0.3,24.3,2.1,2.9,73.0,2.0,4.0,5.9,1.4,0.7,0.7,2.6,1.1,8.6
Precious Achiuwa,5.0,0.0,15.0,3.2,5.0,64.0,0.0,0.0,0.0,1.4,2.8,50.0,1.4,2.8,4.2,0.6,0.4,0.2,2.6,1.4,7.8
Bam Adebayo,228.0,124.0,25.7,4.1,7.3,55.6,0.0,0.2,13.9,2.6,3.6,71.4,2.0,5.6,7.7,3.0,0.9,0.8,2.3,1.8,10.7
Avery Bradley,575.0,494.0,28.2,4.7,10.8,43.7,1.3,3.6,36.5,1.0,1.3,78.0,0.6,2.3,2.9,1.8,0.2,1.0,2.2,1.4,11.8
Jimmy Butler,584.0,479.0,33.0,5.5,12.1,45.3,0.9,2.6,33.3,5.1,6.1,83.5,1.5,3.6,5.1,3.7,0.5,1.6,1.4,1.5,17.0
Goran Dragic,822.0,511.0,28.0,5.1,11.0,46.4,1.2,3.3,36.2,2.5,3.3,76.4,0.7,2.3,3.1,4.8,0.2,1.0,2.3,2.3,13.9
Maurice Harkless,542.0,327.0,22.9,2.8,5.9,47.8,0.6,1.8,32.5,0.8,1.4,61.2,1.2,2.5,3.7,0.9,0.7,1.0,2.0,0.9,7.1
Udonis Haslem,858.0,500.0,25.1,3.1,6.3,48.9,0.0,0.1,8.6,1.4,1.9,75.5,1.9,4.8,6.7,0.8,0.3,0.5,2.4,0.9,7.6
Tyler Herro,60.0,13.0,27.9,5.0,11.6,43.3,2.1,5.4,38.5,1.6,1.8,86.4,0.3,3.9,4.2,2.4,0.2,0.6,1.4,1.7,13.7
Andre Iguodala,1133.0,781.0,33.1,4.3,9.3,46.5,0.9,2.7,33.3,2.5,3.5,70.9,0.9,4.1,5.1,4.3,0.5,1.5,1.8,1.9,12.0
Meyers Leonard,446.0,93.0,16.0,2.1,4.5,48.2,0.7,1.9,39.1,0.6,0.7,81.1,0.7,3.2,3.9,0.9,0.3,0.2,2.2,0.7,5.6
Kendrick Nunn,71.0,67.0,28.4,5.7,13.2,43.5,1.9,5.6,34.7,1.2,1.5,85.4,0.3,2.3,2.6,3.2,0.2,0.8,2.2,1.6,14.7
KZ Okpala,7.0,0.0,7.7,0.6,1.3,44.4,0.0,0.6,0.0,0.3,0.6,50.0,0.3,1.0,1.3,0.1,0.1,0.4,0.4,0.1,1.4
Kelly Olynyk,504.0,103.0,21.3,3.5,7.4,47.5,1.1,3.1,37.2,1.5,1.9,77.4,1.2,3.7,4.8,1.9,0.5,0.7,2.8,1.4,9.7
Duncan Robinson,93.0,74.0,26.6,3.8,8.3,46.3,3.2,7.3,43.5,0.9,1.0,89.9,0.1,2.8,2.9,1.2,0.2,0.5,2.3,0.9,11.7
Chris Silva,46.0,0.0,7.7,1.0,1.7,61.5,0.0,0.1,0.0,0.8,1.2,68.4,1.3,1.4,2.7,0.5,0.5,0.2,1.9,0.7,2.9
Max Strus,3.0,0.0,6.0,1.7,2.7,62.5,0.3,1.3,25.0,0.3,0.3,100.0,0.3,0.0,0.3,0.3,0.0,0.0,0.3,0.0,4.0
Gabe Vincent,10.0,0.0,9.8,1.0,4.3,23.3,0.8,3.2,25.0,0.1,0.1,100.0,0.0,0.7,0.7,0.8,0.0,0.5,1.0,0.1,2.9
Cole Anthony,6.0,0.0,19.8,2.8,9.2,30.9,0.5,2.5,20.0,2.5,2.5,100.0,1.5,3.5,5.0,3.3,0.0,0.5,1.7,0.8,8.7
Dwayne Bacon,141.0,36.0,16.3,2.1,5.2,40.5,0.5,1.5,34.1,0.7,0.9,72.1,0.2,2.2,2.4,1.0,0.1,0.4,1.3,0.6,5.4
Mo Bamba,109.0,1.0,15.1,2.3,4.9,47.1,0.5,1.6,32.8,0.6,1.0,62.4,1.5,3.4,4.9,0.7,1.4,0.3,2.0,0.8,5.7
Khem Birch,146.0,25.0,15.4,1.7,3.1,54.5,0.0,0.0,0.0,1.2,1.8,68.8,1.7,2.5,4.2,0.9,0.5,0.4,1.6,0.5,4.6
Jordan Bone,11.0,0.0,5.6,0.6,2.2,29.2,0.2,1.0,18.2,0.0,0.0,0.0,0.1,0.5,0.5,0.8,0.0,0.1,0.5,0.2,1.5
Gary Clark,96.0,7.0,13.0,1.1,3.0,36.2,0.8,2.6,31.5,0.2,0.2,94.4,0.7,1.8,2.5,0.4,0.5,0.3,1.0,0.2,3.2
Evan Fournier,528.0,386.0,28.4,5.1,11.3,45.0,1.8,4.8,37.5,2.2,2.7,80.8,0.4,2.3,2.7,2.6,0.1,0.9,2.4,1.6,14.1
Markelle Fultz,111.0,81.0,25.7,4.6,10.2,44.8,0.4,1.5,26.7,1.5,2.1,69.4,0.7,2.6,3.3,4.6,0.2,1.1,2.1,1.8,11.0
Aaron Gordon,409.0,320.0,28.5,4.8,10.7,44.8,1.1,3.4,31.6,2.0,2.9,70.0,1.6,4.8,6.4,2.4,0.6,0.8,2.0,1.4,12.8
Jonathan Isaac,136.0,106.0,25.8,3.5,8.0,43.5,1.0,3.0,33.0,1.4,1.7,79.7,1.3,4.2,5.4,1.1,1.5,1.1,2.0,1.1,9.3
Karim Mane,1.0,0.0,19.0,0.0,3.0,0.0,0.0,0.0,0.0,0.0,0.0,0.0,0.0,4.0,4.0,0.0,0.0,0.0,1.0,0.0,0.0
Chuma Okeke,5.0,0.0,18.2,1.0,2.8,35.7,0.4,1.4,28.6,0.6,1.2,50.0,1.0,1.6,2.6,1.6,0.2,0.6,0.4,0.6,3.0
Terrence Ross,566.0,176.0,24.7,4.1,9.7,42.1,1.9,5.2,37.1,1.1,1.3,83.1,0.4,2.5,2.8,1.1,0.3,0.9,1.7,0.9,11.1
Nikola Vucevic,604.0,543.0,30.3,7.0,14.0,49.9,0.5,1.4,34.0,1.6,2.2,74.5,2.7,7.6,10.2,2.6,0.9,0.9,2.5,1.7,16.2
Deni Avdija,7.0,7.0,24.7,2.6,5.3,48.6,1.6,3.3,47.8,0.4,0.7,60.0,0.4,4.1,4.6,2.4,0.3,1.3,2.7,0.7,7.1
Bradley Beal,552.0,518.0,34.6,7.7,17.0,45.2,2.3,6.0,37.9,3.5,4.3,80.8,0.8,3.2,4.0,4.0,0.4,1.1,2.2,2.3,21.1
Davis Bertans,281.0,32.0,18.7,2.7,6.1,43.8,1.9,4.6,40.8,0.9,1.0,85.0,0.4,2.4,2.8,1.1,0.4,0.4,1.6,0.6,8.1
Isaac Bonga,93.0,53.0,15.5,1.4,3.0,46.8,0.3,0.9,34.1,0.8,1.1,77.2,0.9,1.9,2.8,1.0,0.3,0.6,1.9,0.7,4.0
Thomas Bryant,140.0,96.0,20.9,4.4,7.3,60.1,0.6,1.6,36.7,1.5,2.0,74.7,1.6,4.4,6.1,1.4,0.9,0.4,1.9,0.9,10.8
Anthony Gill,2.0,0.0,4.0,0.5,0.5,100.0,0.5,0.5,100.0,0.0,0.0,0.0,0.0,0.0,0.0,0.0,0.0,0.5,0.0,0.0,1.5
Rui Hachimura,51.0,51.0,29.8,5.3,11.2,46.9,0.5,1.8,29.3,2.5,3.1,81.6,1.6,4.4,6.0,1.9,0.2,0.8,2.2,1.1,13.6
Robin Lopez,839.0,585.0,22.3,3.7,6.9,52.9,0.1,0.2,30.0,1.4,1.8,74.7,2.3,2.8,5.0,0.8,1.2,0.2,2.0,1.1,8.7
Garrison Mathews,20.0,0.0,11.9,1.3,3.0,41.7,1.0,2.5,40.0,1.6,1.7,91.2,0.3,1.0,1.3,0.6,0.1,0.4,1.6,0.4,5.1
Raul Neto,260.0,59.0,13.9,1.9,4.2,45.1,0.6,1.6,38.4,0.6,0.8,78.9,0.2,1.1,1.3,1.9,0.1,0.5,1.2,0.9,5.0
Anzejs Pasecniks,28.0,0.0,15.8,2.2,4.2,52.1,0.0,0.1,0.0,1.2,2.1,58.6,1.5,2.3,3.9,0.7,0.4,0.3,2.8,1.0,5.6
Jerome Robinson,100.0,6.0,13.6,1.6,4.4,37.7,0.7,2.2,31.9,0.5,0.7,71.0,0.2,1.6,1.8,1.1,0.2,0.4,1.7,0.7,4.5
Ish Smith,617.0,165.0,20.1,3.3,7.7,42.9,0.4,1.3,32.0,0.8,1.1,68.1,0.4,2.1,2.5,3.9,0.2,0.7,1.3,1.3,7.8
Moritz Wagner,90.0,10.0,14.4,2.4,4.9,49.8,0.5,1.8,30.4,1.3,1.6,81.8,0.8,2.6,3.4,0.9,0.4,0.4,2.4,1.2,6.8
Russell Westbrook,883.0,865.0,34.6,8.2,18.8,43.7,1.1,3.7,30.4,5.7,7.1,79.9,1.7,5.4,7.1,8.3,0.3,1.7,2.6,4.1,23.2
Jalen Brunson,136.0,55.0,20.1,3.5,7.4,47.0,0.8,2.3,35.1,1.2,1.6,76.8,0.3,2.0,2.4,3.2,0.1,0.5,1.5,1.2,9.0
Trey Burke,400.0,129.0,22.9,4.1,9.9,41.0,1.2,3.5,34.5,1.2,1.5,80.1,0.4,1.6,2.0,3.5,0.1,0.6,1.4,1.3,10.5
Luka Doncic,138.0,138.0,32.8,8.2,18.4,44.5,2.5,7.9,31.7,5.8,7.9,73.9,1.2,7.3,8.5,7.2,0.3,1.0,2.2,3.8,24.7
Josh Green,5.0,0.0,6.0,0.4,0.8,50.0,0.0,0.0,0.0,0.4,0.4,100.0,0.4,0.6,1.0,0.4,0.0,0.0,0.0,0.4,1.2
Nate Hinton,1.0,0.0,0.0,0.0,1.0,0.0,0.0,1.0,0.0,0.0,0.0,0.0,0.0,0.0,0.0,0.0,0.0,0.0,0.0,0.0,0.0
Wes Iwundu,185.0,46.0,17.4,1.7,4.0,42.0,0.4,1.1,31.9,1.1,1.3,79.1,0.5,1.9,2.4,1.0,0.3,0.5,1.5,0.5,4.8
James Johnson,640.0,220.0,20.6,3.1,6.6,47.6,0.5,1.6,31.0,1.2,1.7,69.2,0.8,2.8,3.6,2.1,0.9,0.8,2.2,1.5,7.9
Maxi Kleber,223.0,74.0,21.3,2.6,5.5,46.6,1.1,3.1,35.9,0.9,1.1,80.8,1.2,3.1,4.4,1.0,1.0,0.4,2.0,0.7,7.2
Boban Marjanovic,234.0,22.0,9.7,2.3,4.0,58.1,0.0,0.1,27.6,1.5,2.0,76.7,1.4,2.6,4.0,0.5,0.4,0.2,1.2,0.7,6.2
Dwight Powell,377.0,94.0,18.8,2.8,5.1,56.3,0.3,0.9,29.4,1.7,2.3,73.8,1.5,3.1,4.6,1.0,0.5,0.7,2.1,0.7,7.7
Josh Richardson,320.0,249.0,30.7,4.5,10.7,42.6,1.6,4.4,36.3,1.7,2.1,81.9,0.7,2.5,3.2,2.9,0.7,1.1,2.5,1.5,12.4
Tyrell Terry,4.0,0.0,3.5,0.3,1.3,20.0,0.0,0.8,0.0,0.0,0.3,0.0,0.0,0.3,0.3,0.5,0.0,0.3,0.3,0.0,0.5
Sterling Brown,168.0,12.0,15.9,2.0,4.7,42.4,0.8,2.3,35.5,0.5,0.6,77.4,0.5,2.6,3.1,1.0,0.2,0.5,1.4,0.7,5.3
Bruno Caboclo,101.0,20.0,12.7,1.6,3.9,39.7,0.6,2.0,31.0,0.5,0.6,84.6,0.8,1.8,2.6,0.7,0.6,0.4,1.3,0.7,4.3
Chris Clemons,33.0,0.0,8.8,1.7,4.3,40.1,1.1,3.2,34.6,0.3,0.3,90.9,0.1,0.8,0.9,0.8,0.2,0.3,0.8,0.6,4.9
DeMarcus Cousins,567.0,543.0,31.9,7.6,16.4,46.1,0.6,1.8,33.2,5.5,7.4,73.7,2.8,8.1,10.8,3.2,1.2,1.4,3.8,3.5,21.2
Eric Gordon,667.0,511.0,32.8,5.6,13.3,42.5,2.3,6.3,36.9,3.0,3.7,81.2,0.4,2.1,2.5,2.8,0.3,0.9,2.0,2.0,16.6
James Harden,836.0,623.0,34.3,7.4,16.7,44.4,2.8,7.7,36.4,7.6,8.8,85.8,0.8,4.6,5.3,6.3,0.5,1.6,2.6,3.7,25.2
Ben McLemore,439.0,257.0,23.6,3.2,7.7,42.1,1.4,3.9,36.6,1.1,1.5,77.9,0.4,2.0,2.4,1.1,0.2,0.7,2.2,1.2,9.0
David Nwaba,164.0,39.0,20.5,2.6,5.3,49.0,0.3,1.0,33.9,1.5,2.2,66.2,1.0,2.7,3.7,1.1,0.4,0.7,2.1,0.8,7.0
Brodric Thomas,2.0,0.0,9.0,0.5,2.0,25.0,0.0,1.5,0.0,1.5,2.5,60.0,0.5,1.0,1.5,2.0,0.0,0.0,2.5,1.5,2.5
John Wall,575.0,563.0,35.9,6.9,15.9,43.3,0.9,2.9,32.3,4.3,5.5,78.1,0.6,3.8,4.3,9.2,0.7,1.7,2.2,3.8,19.0
Christian Wood,117.0,18.0,16.9,3.6,6.6,54.7,0.6,1.7,36.7,2.2,3.0,72.9,1.3,3.6,5.0,0.7,0.7,0.5,1.3,1.0,10.0
Grayson Allen,81.0,6.0,15.3,2.3,5.6,41.6,1.1,3.2,35.8,1.1,1.4,80.7,0.2,1.3,1.5,1.1,0.1,0.2,1.3,0.9,7.0
Kyle Anderson,373.0,174.0,19.8,2.2,4.6,48.6,0.2,0.8,30.8,0.9,1.2,70.5,0.7,3.3,4.0,2.0,0.5,0.9,1.4,0.9,5.6
Desmond Bane,6.0,0.0,23.0,3.5,7.3,47.7,2.3,4.7,50.0,0.2,0.3,50.0,0.7,1.8,2.5,1.0,0.0,0.7,2.3,1.2,9.5
Dillon Brooks,179.0,153.0,27.8,4.8,11.6,41.8,1.5,4.2,35.6,1.8,2.3,78.2,0.8,2.4,3.1,1.8,0.3,0.9,3.3,1.6,13.0
Brandon Clarke,64.0,6.0,22.8,5.0,8.5,59.7,0.4,1.2,32.9,1.4,2.0,71.9,1.6,4.3,5.9,1.4,0.8,0.5,1.7,0.9,11.9
Gorgui Dieng,521.0,204.0,22.0,3.0,6.0,50.0,0.2,0.7,34.5,1.6,2.0,78.9,1.8,4.3,6.1,1.4,1.0,0.8,2.3,1.2,7.9
Tyus Jones,318.0,43.0,18.1,2.1,5.0,43.0,0.6,1.6,33.9,0.7,0.9,80.2,0.2,1.4,1.6,3.6,0.1,1.0,1.0,0.7,5.6
John Konchar,24.0,0.0,11.6,1.4,2.5,56.7,0.3,0.8,44.4,0.3,0.3,87.5,1.0,2.0,2.9,1.5,0.2,0.6,0.5,0.3,3.5
Sean McDermott,3.0,0.0,14.0,0.7,2.3,28.6,0.3,1.7,20.0,0.7,0.7,100.0,0.7,0.3,1.0,1.0,0.0,0.0,0.3,1.0,2.3
Ja Morant,70.0,70.0,30.8,6.8,14.2,48.1,0.9,2.7,33.5,3.6,4.7,78.0,0.8,3.0,3.8,7.2,0.3,0.9,1.7,3.2,18.2
Xavier Tillman,1.0,0.0,17.0,3.0,3.0,100.0,0.0,0.0,0.0,0.0,0.0,0.0,1.0,5.0,6.0,0.0,0.0,0.0,1.0,0.0,6.0
Jonas Valanciunas,565.0,537.0,25.3,4.9,8.8,56.2,0.1,0.4,35.7,2.4,3.1,77.9,2.6,6.3,8.9,0.9,1.0,0.4,2.8,1.6,12.5
Justise Winslow,241.0,105.0,28.4,3.6,8.5,41.7,0.8,2.3,33.7,1.2,1.8,64.6,1.0,4.3,5.4,2.7,0.4,0.9,2.5,1.5,9.0
Steven Adams,536.0,472.0,26.8,4.1,6.9,58.9,0.0,0.0,10.0,1.6,3.0,55.6,3.4,4.2,7.6,1.2,1.0,0.9,2.6,1.4,9.8
Lonzo Ball,168.0,155.0,32.3,4.1,10.6,39.0,1.9,5.7,33.9,0.6,1.2,49.0,1.2,4.9,6.1,6.5,0.6,1.5,2.2,2.7,10.8
Eric Bledsoe,637.0,475.0,27.8,5.0,11.0,45.7,1.1,3.2,33.7,3.0,3.8,79.3,0.8,3.2,4.0,4.8,0.5,1.4,2.0,2.6,14.2
Wenyen Gabriel,30.0,1.0,7.8,0.7,1.6,43.8,0.2,0.7,30.0,0.5,0.7,68.2,0.7,1.0,1.7,0.3,0.2,0.4,1.3,0.5,2.1
Josh Hart,201.0,61.0,25.4,3.0,7.0,43.0,1.5,4.2,35.2,1.1,1.5,71.1,0.7,4.2,4.9,1.4,0.4,0.9,2.1,0.9,8.6
Jaxson Hayes,70.0,14.0,16.4,2.5,3.8,66.0,0.0,0.1,25.0,1.8,2.8,65.2,1.5,2.6,4.1,0.9,0.8,0.4,2.5,0.8,6.9
Willy Hernangomez,210.0,26.0,14.3,2.7,5.1,53.0,0.1,0.4,33.0,1.4,2.0,68.2,1.9,3.5,5.4,1.0,0.4,0.4,1.6,1.1,6.9
Brandon Ingram,258.0,219.0,32.2,6.0,13.1,46.0,1.1,3.1,36.3,3.4,4.6,72.5,0.8,4.3,5.1,3.3,0.6,0.7,2.5,2.3,16.5
Nicolo Melli,65.0,8.0,16.9,2.1,5.2,41.4,1.1,3.3,32.9,0.9,1.2,74.0,0.6,2.4,3.0,1.4,0.4,0.6,2.0,0.8,6.2
JJ Redick,902.0,488.0,25.9,4.3,9.7,44.7,2.1,5.1,41.5,2.2,2.5,89.1,0.2,1.9,2.1,2.0,0.1,0.5,1.5,1.1,13.0
Sindarius Thornwell,141.0,17.0,10.7,0.9,2.1,42.0,0.2,0.6,34.6,0.6,0.9,68.3,0.3,1.1,1.3,0.6,0.2,0.5,1.2,0.5,2.6
Zion Williamson,30.0,30.0,28.4,8.5,14.7,57.7,0.2,0.5,37.5,4.7,7.5,62.8,2.8,3.8,6.6,1.9,0.4,0.8,1.9,2.5,21.9
LaMarcus Aldridge,1006.0,965.0,34.4,7.9,16.1,49.1,0.2,0.6,30.9,3.6,4.4,81.1,2.7,5.7,8.3,2.0,1.1,0.7,2.5,1.6,19.5
DeMar DeRozan,826.0,814.0,34.1,7.2,15.7,45.8,0.4,1.5,28.5,5.2,6.3,82.9,0.7,3.6,4.4,3.6,0.3,1.0,2.3,2.1,20.1
Drew Eubanks,48.0,3.0,9.2,1.3,2.2,57.5,0.0,0.0,100.0,0.7,0.9,79.1,0.7,2.0,2.8,0.5,0.6,0.2,1.1,0.6,3.3
Rudy Gay,952.0,776.0,33.1,6.5,14.2,45.5,1.0,3.0,34.6,3.1,3.9,79.9,1.4,4.5,5.9,2.2,0.8,1.2,2.4,2.2,17.1
Keldon Johnson,23.0,7.0,20.8,3.8,7.0,55.0,1.0,1.9,51.2,2.3,2.8,81.5,0.8,3.7,4.4,1.3,0.3,1.0,1.8,1.2,10.9
Tre Jones,2.0,0.0,5.0,2.0,3.5,57.1,0.0,0.0,0.0,1.5,1.5,100.0,1.5,0.0,1.5,0.5,0.0,0.0,0.0,0.0,5.5
Trey Lyles,354.0,94.0,17.9,2.8,6.4,43.3,0.9,2.6,34.1,0.9,1.3,70.6,0.8,3.4,4.2,1.1,0.3,0.4,1.4,0.8,7.4
Patty Mills,677.0,56.0,19.4,3.2,7.3,43.2,1.6,4.1,39.1,0.9,1.0,85.4,0.3,1.4,1.7,2.3,0.1,0.7,1.3,1.0,8.8
Dejounte Murray,191.0,120.0,20.6,3.4,7.6,45.1,0.3,1.0,33.9,1.2,1.6,74.2,1.0,3.8,4.8,3.1,0.3,1.2,1.8,1.6,8.3
Jakob Poeltl,285.0,49.0,16.6,2.4,3.8,63.6,0.0,0.0,50.0,0.6,1.2,52.6,2.0,2.9,4.9,1.0,1.0,0.4,2.1,0.8,5.5
Luka Samanic,5.0,1.0,11.0,1.2,4.2,28.6,0.8,2.0,40.0,0.8,1.2,66.7,0.2,1.8,2.0,1.2,0.4,0.0,1.2,0.4,4.0
Devin Vassell,5.0,0.0,16.0,1.4,4.2,33.3,0.6,1.4,42.9,0.0,0.0,0.0,0.2,2.8,3.0,1.0,0.4,1.0,1.0,0.6,3.4
Quinndary Weatherspoon,11.0,0.0,7.1,0.5,1.5,29.4,0.1,0.5,20.0,0.1,0.2,50.0,0.1,0.5,0.6,1.0,0.1,0.3,0.7,0.5,1.1
Derrick White,153.0,75.0,23.3,3.5,7.4,46.8,0.9,2.5,36.3,1.9,2.3,81.7,0.5,2.8,3.2,3.4,0.7,0.8,2.0,1.3,9.7
